"ModelName","KendallRC","PearsonRC"
"DCTR",0.354395604395604,0.448051948051948
"DBN",0.239010989010989,0.282467532467532
"UBM",0.461538461538462,0.613636363636364
